/* USE custodyChain;
GO
INSERT INTO District VALUES (1, 'TCAPS')
INSERT INTO District VALUES (2, 'Forest Area')
INSERT INTO District VALUES (3, 'Kalkaska')
INSERT INTO District VALUES (4, 'Manton')
INSERT INTO District VALUES (5, 'Mancelona')

Select * from District


Use custodyChain;
GO
INSERT INTO Equipment VALUES (10001, 'Chrome Book','N')
INSERT INTO Equipment VALUES (10002, 'Scientific Calculator','B')
INSERT INTO Equipment VALUES (10003, 'iPad','B')
INSERT INTO Equipment VALUES (10004, 'Amazon Kindle','C')
INSERT INTO Equipment VALUES (10005, 'Chrome Book','A')
INSERT INTO Equipment VALUES (10006, 'Chrome Book','N')
INSERT INTO Equipment VALUES (10007, 'iPad','N')
INSERT INTO Equipment VALUES (10008, 'iPad','A')
INSERT INTO Equipment VALUES (10009, 'Chrome Book','B')
INSERT INTO Equipment VALUES (10010, 'Chrome Book','C')
INSERT INTO Equipment VALUES (10011, 'iPad','N')
INSERT INTO Equipment VALUES (10012, 'iPad','A')
INSERT INTO Equipment VALUES (10013, 'Chrome Book','A')
INSERT INTO Equipment VALUES (10014, 'Chrome Book','N')
INSERT INTO Equipment VALUES (10015, 'Scientific Calculator','C')
INSERT INTO Equipment VALUES (10016, 'Chrome Book','N')
INSERT INTO Equipment VALUES (10017, 'Scientific Calculator','A')
INSERT INTO Equipment VALUES (10018, 'Chrome Book','A')
INSERT INTO Equipment VALUES (10019, 'Chrome Book','A')
INSERT INTO Equipment VALUES (10020, 'iPad','B')
INSERT INTO Equipment VALUES (10021, 'Chrome Book','N')
INSERT INTO Equipment VALUES (10022, 'Chrome Book','C')
INSERT INTO Equipment VALUES (10023, 'Scientific Calculator','C')
INSERT INTO Equipment VALUES (10024, 'Scientific Calculator','N')
INSERT INTO Equipment VALUES (10025, 'Chrome Book','A')
INSERT INTO Equipment VALUES (10026, 'Amazon Kindle','B')
INSERT INTO Equipment VALUES (10027, 'Amazon Kindle','N')
INSERT INTO Equipment VALUES (10028, 'Chrome Book','N')
INSERT INTO Equipment VALUES (10029, 'Scientific Calculator','C')
INSERT INTO Equipment VALUES (10030, 'Chrome Book','C')
INSERT INTO Equipment VALUES (10031, 'Chrome Book','N')
INSERT INTO Equipment VALUES (10032, 'Chrome Book','A')
INSERT INTO Equipment VALUES (10033, 'Chrome Book','B')
INSERT INTO Equipment VALUES (10034, 'Scientific Calculator','N')
INSERT INTO Equipment VALUES (10035, 'Scientific Calculator','B')
INSERT INTO Equipment VALUES (10036, 'Scientific Calculator','B')
INSERT INTO Equipment VALUES (10037, 'Chrome Book','A')
INSERT INTO Equipment VALUES (10038, 'Chrome Book','N')
INSERT INTO Equipment VALUES (10039, 'Chrome Book','C')
INSERT INTO Equipment VALUES (10040, 'Chrome Book','C')
INSERT INTO Equipment VALUES (10041, 'iPad','B')
INSERT INTO Equipment VALUES (10042, 'iPad','N')
INSERT INTO Equipment VALUES (10043, 'Chrome Book','N')
INSERT INTO Equipment VALUES (10044, 'Chrome Book','A')
INSERT INTO Equipment VALUES (10045, 'Amazon Kindle','B')
INSERT INTO Equipment VALUES (10046, 'Chrome Book','C')
INSERT INTO Equipment VALUES (10047, 'Scientific Calculator','N')
INSERT INTO Equipment VALUES (10048, 'Chrome Book','N')
INSERT INTO Equipment VALUES (10049, 'Chrome Book','A')
INSERT INTO Equipment VALUES (10050, 'Chrome Book','N')

Select * from Equipment



USE custodyChain;
GO
INSERT INTO School VALUES (10,1,'Kingsley High School')
INSERT INTO School VALUES (20,1,'Kingsley Middle School')
INSERT INTO School VALUES (30,1,'Kingsley Elemetary School')
INSERT INTO School VALUES (40,2,'Forest Area Elementary')
INSERT INTO School VALUES (50,3,'Kalkaska High School')
INSERT INTO School VALUES (60,4,'Manton Middle School')
INSERT INTO School VALUES (70,5,'Mancelona Elementary')

select * from School



USE custodyChain;
GO
INSERT INTO Employee VALUES(101,10,'John','Rogers')
INSERT INTO Employee VALUES(102,20,'Sally','Walker')
INSERT INTO Employee VALUES(103,20,'Roger','Melrose')
INSERT INTO Employee VALUES(104,20,'Jennifer','Smith')
INSERT INTO Employee VALUES(105,30,'Max','Jones')
INSERT INTO Employee VALUES(106,30,'Brooke','Southwell')
INSERT INTO Employee VALUES(107,10,'Gannin','Todd')
INSERT INTO Employee VALUES(108,10,'Jodi','Hubbard')
INSERT INTO Employee VALUES(109,10,'Molly','Bannenbrock')
INSERT INTO Employee VALUES(110,20,'Dominic','Angelo')
INSERT INTO Employee VALUES(111,20,'Julie','Nottingham')
INSERT INTO Employee VALUES(112,30,'Beth','Kamin')
INSERT INTO Employee VALUES(113,30,'David','Seans')
INSERT INTO Employee VALUES(114,20,'Christina','Mills')
INSERT INTO Employee VALUES(115,20,'Steve','Mathers')
INSERT INTO Employee VALUES(116,10,'Eric','Carter')
INSERT INTO Employee VALUES(117,30,'Corie','Layton')

Select * from Employee


USE custodyChain;
GO
INSERT INTO Student VALUES (1001, 116,'Yared', 'Aodan')
INSERT INTO Student VALUES (1002, 103,'Muna', 'Kaylani')
INSERT INTO Student VALUES (1003, 102,'Rosa', 'Ava')
INSERT INTO Student VALUES (1004, 111,'Leobin', 'Chrysanthe')
INSERT INTO Student VALUES (1005, 114,'Madelaine', 'Armin')
INSERT INTO Student VALUES (1006, 102,'Katharina', 'Brian')
INSERT INTO Student VALUES (1007, 107,'Coleman', 'Sergius')
INSERT INTO Student VALUES (1008, 101,'Koppany', 'Celia')
INSERT INTO Student VALUES (1009, 116,'Vladislav', 'Kai')
INSERT INTO Student VALUES (1010, 113,'Herry', 'Hozxan')
INSERT INTO Student VALUES (1011, 104,'Ghoncheh', 'Rajani')
INSERT INTO Student VALUES (1012, 104,'Pacey', 'Swidhum')
INSERT INTO Student VALUES (1013, 115,'Ilham', 'Tuulikki')
INSERT INTO Student VALUES (1014, 112,'Stelara', 'Oghenekevwe')
INSERT INTO Student VALUES (1015, 110,'Arushi', 'Rosmuna')
INSERT INTO Student VALUES (1016, 101,'Gunnvor', 'Aditi')
INSERT INTO Student VALUES (1017, 111,'Rosica', 'Viktar')
INSERT INTO Student VALUES (1018, 107,'Eammanouel', 'Irvin')
INSERT INTO Student VALUES (1019, 108,'Antonia', 'Vlado')
INSERT INTO Student VALUES (1020, 102,'Coco', 'Reinhald')
INSERT INTO Student VALUES (1021, 117,'Estera', 'Vikingr')
INSERT INTO Student VALUES (1022, 105,'Kuno', 'Kalina')
INSERT INTO Student VALUES (1023, 107,'Diocles', 'Otto')
INSERT INTO Student VALUES (1024, 111,'Gentian', 'Vahtang')
INSERT INTO Student VALUES (1025, 113,'Vasu', 'Marceline')
INSERT INTO Student VALUES (1026, 101,'Madara', 'Londyn')
INSERT INTO Student VALUES (1027, 109,'Hyun-Joo', 'Katherine')
INSERT INTO Student VALUES (1028, 110,'Remedios', 'Trisha')
INSERT INTO Student VALUES (1029, 112,'Aleksandris', 'Gurgen')
INSERT INTO Student VALUES (1030, 102,'Al-Hasan', 'Anushka')

Select * from Student;

USE custodyChain;
GO
INSERT INTO CoC VALUES (100001, 10, 108, 1019, 10048, '08-26-2021', NULL,'N')
INSERT INTO CoC VALUES (100002, 10, 101, 1026, 10025, '08-27-2021', NULL,'N')  
INSERT INTO CoC VALUES (100003, 20, 115, 1013, 10018, '08-28-2021', NULL, 'N')
INSERT INTO CoC VALUES (100004, 20, 104, 1011, 10019, '08-27-2021', NULL, 'N')  
INSERT INTO CoC VALUES (100005, 20, 114, 1005, 10036, '09-01-2021', '09-03-2021', 'N')  
INSERT INTO CoC VALUES (100006, 20, 110, 1028, 10011, '08-25-2021', NULL, 'N')  
INSERT INTO CoC VALUES (100007, 10, 107, 1023, 10038, '08-21-2021', NULL, 'Y')  
INSERT INTO CoC VALUES (100008, 30, 112, 1029, 10021, '08-27-2021', NULL, 'N')  
INSERT INTO CoC VALUES (100009, 30, 113, 1010, 10034, '08-19-2021', NULL, 'N')  
INSERT INTO CoC VALUES (100010, 10, 107, 1021, 10041, '08-28-2021', NULL, 'N')  
INSERT INTO CoC VALUES (100011, 20, 102, 1030, 10018, '09-02-2021', NULL, 'N')  
INSERT INTO CoC VALUES (100012, 20, 110, 1015, 10046, '08-21-2021', NULL, 'N')  

Select * from CoC
*/


